,symbol
0,20MICRONS
1,21STCENMGM
2,360ONE
3,3IINFOLTD
4,3IINFOTECH
5,3MINDIA
6,3PLAND
7,4THDIM
8,5PAISA
9,63MOONS
10,8KMILES
11,A2ZINFRA
12,AAATECH
13,AADHARHFC
14,AAKASH
15,AAREYDRUGS
16,AARON
17,AARTECH
18,AARTIDRUGS
19,AARTIIND
20,AARTIPHARM
21,AARTISURF
22,AARVEEDEN
23,AARVI
24,AAVAS
25,ABAN
26,ABB
27,ABBOTINDIA
28,ABCAPITAL
29,ABDL
30,ABFRL
31,ABGSEC
32,ABINFRA
33,ABMINTLLTD
34,ABMINTLTD
35,ABREL
36,ABSLAMC
37,ABSLBANETF
38,ABSLLIQUID
39,ABSLNN50ET
40,ABSLPSE
41,ACC
42,ACCELYA
43,ACCURACY
44,ACE
45,ACEINTEG
46,ACI
47,ACL
48,ACLGATI
49,ACMESOLAR
50,ACRYSIL
51,ADANIENSOL
52,ADANIENT
53,ADANIGAS
54,ADANIGREEN
55,ADANIPORTS
56,ADANIPOWER
57,ADANITRANS
58,ADFFOODS
59,ADHUNIKIND
60,ADL
61,ADLABS
62,ADORWELD
63,ADROITINFO
64,ADSL
65,ADVANIHOTR
66,ADVENZYMES
67,AEGISCHEM
68,AEGISLOG
69,AEROFLEX
70,AETHER
71,AFCONS
72,AFFLE
73,AFFORDABLE
74,AFIL
75,AGARIND
76,AGARWALEYE
77,AGCNET
78,AGI
79,AGIIL
80,AGRITECH
81,AGROPHOS
82,AGSTRA
83,AHL
84,AHLADA
85,AHLEAST
86,AHLUCONT
87,AHLWEST
88,AIAENG
89,AIIL
90,AIONJSW
91,AIRAN
92,AIROLAM
93,AJANTPHARM
94,AJAXENGG
95,AJMERA
96,AJOONI
97,AJRINFRA
98,AKASH
99,AKG
100,AKI
101,AKSHAR
102,AKSHARCHEM
103,AKSHOPTFBR
104,AKUMS
105,AKZOINDIA
106,ALANKIT
107,ALBERTDAVD
108,ALBK
109,ALCHEM
110,ALEMBICLTD
111,ALICON
112,ALIVUS
113,ALKALI
114,ALKEM
115,ALKYLAMINE
116,ALLCARGO
117,ALLDIGI
118,ALLSEC
119,ALMONDZ
120,ALOKINDS
121,ALPA
122,ALPHA
123,ALPHAETF
124,ALPHAGEO
125,ALPL30IETF
126,ALPSINDUS
127,AMARAJABAT
128,AMBER
129,AMBICAAGAR
130,AMBIKCO
131,AMBUJACEM
132,AMDIND
133,AMIORG
134,AMJLAND
135,AMNPLST
136,AMRUTANJAN
137,ANANDRATHI
138,ANANTRAJ
139,ANDHRABANK
140,ANDHRACEMT
141,ANDHRAPAP
142,ANDHRSUGAR
143,ANDPAPER
144,ANDREWYU
145,ANGELBRKG
146,ANGELONE
147,ANIKINDS
148,ANKITMETAL
149,ANMOL
150,ANSALAPI
151,ANSALHSG
152,ANTGRAPHIC
153,ANUHPHR
154,ANUP
155,ANURAS
156,APARINDS
157,APCL
158,APCOTEXIND
159,APEX
160,APLAPOLLO
161,APLLTD
162,APOLLO
163,APOLLOHOSP
164,APOLLOPIPE
165,APOLLOTYRE
166,APOLSINHOT
167,APTECHT
168,APTUS
169,ARCHIDPLY
170,ARCHIES
171,ARCOTECH
172,ARE&M
173,ARENTERP
174,ARIES
175,ARIHANT
176,ARIHANTCAP
177,ARIHANTSUP
178,ARKADE
179,ARMANFIN
180,AROGRANITE
181,ARROWGREEN
182,ARROWTEX
183,ARSHIYA
184,ARSSINFRA
185,ARTEMISMED
186,ARTNIRMAN
187,ARVEE
188,ARVIND
189,ARVINDFASN
190,ARVSMART
191,ASAHIINDIA
192,ASAHISONG
193,ASAL
194,ASALCBR
195,ASHAPURMIN
196,ASHIANA
197,ASHIMASYN
198,ASHOKA
199,ASHOKAMET
200,ASHOKLEY
201,ASIANENE
202,ASIANHOTNR
203,ASIANPAINT
204,ASIANTILES
205,ASKAUTOLTD
206,ASMS
207,ASPINWALL
208,ASTEC
209,ASTERDM
210,ASTRAL
211,ASTRAMICRO
212,ASTRAZEN
213,ASTRON
214,ATALREAL
215,ATAM
216,ATFL
217,ATGL
218,ATL
219,ATLANTA
220,ATLANTAA
221,ATLASCYCLE
222,ATUL
223,ATULAUTO
224,AUBANK
225,AURIONPRO
226,AUROPHARMA
227,AURUM
228,AUSOMENT
229,AUTOAXLES
230,AUTOBEES
231,AUTOIETF
232,AUTOIND
233,AUTOLITIND
234,AVADHSUGAR
235,AVALON
236,AVANTEL
237,AVANTIFEED
238,AVG
239,AVL
240,AVONMORE
241,AVROIND
242,AVTNPL
243,AWFIS
244,AWHCL
245,AWL
246,AXISBANK
247,AXISBNKETF
248,AXISBPSETF
249,AXISCADES
250,AXISCETF
251,AXISGOLD
252,AXISHCETF
253,AXISILVER
254,AXISNIFTY
255,AXISTECETF
256,AXITA
257,AXSENSEX
258,AYMSYNTEX
259,AZAD
260,BAFNAPH
261,BAGFILMS
262,BAIDFIN
263,BAJAJ-AUTO
264,BAJAJCON
265,BAJAJELEC
266,BAJAJFINSV
267,BAJAJHCARE
268,BAJAJHFL
269,BAJAJHIND
270,BAJAJHLDNG
271,BAJEL
272,BAJFINANCE
273,BALAJEE
274,BALAJITELE
275,BALAMINES
276,BALAXI
277,BALKRISHNA
278,BALKRISIND
279,BALLARPUR
280,BALMLAWRIE
281,BALPHARMA
282,BALRAMCHIN
283,BALUFORGE
284,BANARBEADS
285,BANARISUG
286,BANCOINDIA
287,BANDHANBNK
288,BANG
289,BANKA
290,BANKBARODA
291,BANKBEES
292,BANKBETF
293,BANKETF
294,BANKETFADD
295,BANKIETF
296,BANKINDIA
297,BANKNIFTY1
298,BANKPSU
299,BANSALWIRE
300,BANSWRAS
301,BARBEQUE
302,BASF
303,BASML
304,BATAINDIA
305,BAYERCROP
306,BBETF0432
307,BBL
308,BBNPNBETF
309,BBNPPGOLD
310,BBOX
311,BBTC
312,BBTCL
313,BCG
314,BCLIND
315,BCONCEPTS
316,BCP
317,BDL
318,BEARDSELL
319,BECTORFOOD
320,BEDMUTHA
321,BEL
322,BEML
323,BEPL
324,BERGEPAINT
325,BESTAGRO
326,BFINVEST
327,BFSI
328,BFUTILITIE
329,BGRENERGY
330,BHAGCHEM
331,BHAGERIA
332,BHAGYANGR
333,BHAGYAPROP
334,BHANDARI
335,BHARATFORG
336,BHARATGEAR
337,BHARATRAS
338,BHARATWIRE
339,BHARTIARTL
340,BHARTIHEXA
341,BHEL
342,BIGBLOC
343,BIKAJI
344,BIL
345,BILENERGY
346,BINANIIND
347,BINDALAGRO
348,BIOCON
349,BIOFILCHEM
350,BIRLACABLE
351,BIRLACORPN
352,BIRLAMONEY
353,BIRLATYRE
354,BKMINDST
355,BLACKBUCK
356,BLAL
357,BLBLIMITED
358,BLISSGVS
359,BLKASHYAP
360,BLS
361,BLSE
362,BLUECHIP
363,BLUECOAST
364,BLUEDART
365,BLUEJET
366,BLUESTARCO
367,BODALCHEM
368,BOHRAIND
369,BOMDYEING
370,BOROLTD
371,BORORENEW
372,BOROSCI
373,BOROSIL
374,BOSCHLTD
375,BPCL
376,BPL
377,BRFL
378,BRIGADE
379,BRITANNIA
380,BRNL
381,BROOKS
382,BSE
383,BSE500IETF
384,BSELINFRA
385,BSHSL
386,BSL
387,BSLGOLDETF
388,BSLNIFTY
389,BSLSENETFG
390,BSOFT
391,BTML
392,BURGERKING
393,BURNPUR
394,BUTTERFLY
395,BVCL
396,BYKE
397,CADILAHC
398,CALSOFT
399,CAMLINFINE
400,CAMPUS
401,CAMS
402,CANBK
403,CANFINHOME
404,CANTABIL
405,CAPACITE
406,CAPITALSFB
407,CAPLIPOINT
408,CAPTRUST
409,CARBORUNIV
410,CAREERP
411,CARERATING
412,CARRARO
413,CARTRADE
414,CARYSIL
415,CASTEXTECH
416,CASTROLIND
417,CCCL
418,CCHHL
419,CCL
420,CDSL
421,CEATLTD
422,CEBBCO
423,CEIGALL
424,CELEBRITY
425,CELLO
426,CENTENKA
427,CENTEXT
428,CENTRALBK
429,CENTRUM
430,CENTUM
431,CENTURYPLY
432,CENTURYTEX
433,CERA
434,CEREBRAINT
435,CESC
436,CESCVENT
437,CEWATER
438,CGCL
439,CGPOWER
440,CHALET
441,CHAMBLFERT
442,CHEMBOND
443,CHEMCON
444,CHEMFAB
445,CHEMPLASTS
446,CHENNPETRO
447,CHEVIOT
448,CHOICEIN
449,CHOLAFIN
450,CHOLAHLDNG
451,CHROMATIC
452,CIEINDIA
453,CIGNITITEC
454,CIMMCO
455,CINELINE
456,CINEVISTA
457,CIPLA
458,CKFSL
459,CLEAN
460,CLEDUCATE
461,CLNINDIA
462,CLSEL
463,CMICABLES
464,CMSINFO
465,CNOVAPETRO
466,COALINDIA
467,COASTCORP
468,COCHINSHIP
469,COFFEEDAY
470,COFORGE
471,COLPAL
472,COMMOIETF
473,COMPINFO
474,COMPUSOFT
475,COMSYN
476,CONCOR
477,CONCORDBIO
478,CONFIPET
479,CONS
480,CONSOFINVT
481,CONSUMBEES
482,CONSUMER
483,CONSUMIETF
484,CONTROLPR
485,CORALFINAC
486,CORDSCABLE
487,COROMANDEL
488,CORPBANK
489,COSMOFILMS
490,COSMOFIRST
491,COUNCODOS
492,CPSEETF
493,CRAFTSMAN
494,CREATIVE
495,CREATIVEYE
496,CREDITACC
497,CREST
498,CRISIL
499,CROMPTON
500,CROWN
501,CSBBANK
502,CSLFINANCE
503,CTE
504,CUB
505,CUBEXTUB
506,CUMMINSIND
507,CUPID
508,CYBERMEDIA
509,CYBERTECH
510,CYIENT
511,CYIENTDLM
512,DAAWAT
513,DABUR
514,DALBHARAT
515,DALMIASUG
516,DAMCAPITAL
517,DAMODARIND
518,DANGEE
519,DATAMATICS
520,DATAPATTNS
521,DAVANGERE
522,DBCORP
523,DBEIL
524,DBL
525,DBOL
526,DBREALTY
527,DBSTOCKBRO
528,DCAL
529,DCBBANK
530,DCI
531,DCM
532,DCMFINSERV
533,DCMNVL
534,DCMSHRIRAM
535,DCMSRIND
536,DCW
537,DCXINDIA
538,DDEVPLSTIK
539,DECCANCE
540,DEEDEV
541,DEEPAKFERT
542,DEEPAKNTR
543,DEEPENR
544,DEEPIND
545,DEEPINDS
546,DELHIVERY
547,DELPHIFX
548,DELTACORP
549,DELTAMAGNT
550,DEN
551,DENORA
552,DENTA
553,DEVIT
554,DEVYANI
555,DFMFOODS
556,DGCONTENT
557,DHAMPURSUG
558,DHANBANK
559,DHANI
560,DHANUKA
561,DHANVARSHA
562,DHARAMSI
563,DHARMAJ
564,DHARSUGAR
565,DHFL
566,DHRUV
567,DHUNINV
568,DIACABS
569,DIAMINESQ
570,DIAMONDYD
571,DICIND
572,DIFFNKG
573,DIGIDRIVE
574,DIGISPICE
575,DIGJAMLMTD
576,DIL
577,DISHTV
578,DIVGIITTS
579,DIVISLAB
580,DIVOPPBEES
581,DIXON
582,DJML
583,DLF
584,DLINKINDIA
585,DMART
586,DMCC
587,DNAMEDIA
588,DODLA
589,DOLAT
590,DOLATALGO
591,DOLLAR
592,DOLPHIN
593,DOMS
594,DONEAR
595,DPABHUSHAN
596,DPSCLTD
597,DPWIRES
598,DQE
599,DRCSYSTEMS
600,DREAMFOLKS
601,DREDGECORP
602,DRREDDY
603,DSPBANKETF
604,DSPGOLDETF
605,DSPITETF
606,DSPN50ETF
607,DSPNEWETF
608,DSPPSBKETF
609,DSPPVBKETF
610,DSPQ50ETF
611,DSPSENXETF
612,DSPSILVETF
613,DSSL
614,DTIL
615,DUCON
616,DVL
617,DWARKESH
618,DYCL
619,DYNAMATECH
620,DYNPRO
621,E2E
622,EASEMYTRIP
623,EASTSILK
624,EBANK
625,EBANKNIFTY
626,EBBETF0423
627,EBBETF0425
628,EBBETF0430
629,EBBETF0431
630,EBBETF0433
631,EBIXFOREX
632,ECAPINSURE
633,ECLERX
634,ECOSMOBLTY
635,EDELWEISS
636,EGOLD
637,EICHERMOT
638,EIDPARRY
639,EIEL
640,EIFFL
641,EIHAHOTELS
642,EIHOTEL
643,EIMCOELECO
644,EKC
645,ELDEHSG
646,ELECON
647,ELECTCAST
648,ELECTHERM
649,ELGIEQUIP
650,ELGIRUBCO
651,ELIN
652,EMAMILTD
653,EMAMIPAP
654,EMAMIREAL
655,EMBDL
656,EMCURE
657,EMIL
658,EMKAY
659,EMMBI
660,EMSLIMITED
661,EMUDHRA
662,EMULTIMQ
663,ENDURANCE
664,ENERGYDEV
665,ENGINERSIN
666,ENIL
667,ENTERO
668,EON
669,EPACK
670,EPIGRAL
671,EPL
672,EQ30
673,EQUAL50ADD
674,EQUIPPP
675,EQUITAS
676,EQUITASBNK
677,ERIS
678,EROSMEDIA
679,ESABINDIA
680,ESAFSFB
681,ESCORTS
682,ESG
683,ESILVER
684,ESSARSHPNG
685,ESSELPACK
686,ESSENTIA
687,ESTER
688,ETHOSLTD
689,EUREKAFORB
690,EUROMULTI
691,EUROTEXIND
692,EVEREADY
693,EVERESTIND
694,EVINDIA
695,EXCEL
696,EXCELINDUS
697,EXICOM
698,EXIDEIND
699,EXPLEOSOL
700,EXXARO
701,FACT
702,FAIRCHEM
703,FAIRCHEMOR
704,FAZE3Q
705,FCL
706,FCONSUMER
707,FCSSOFT
708,FDC
709,FEDERALBNK
710,FEDFINA
711,FEL
712,FELDVR
713,FIBERWEB
714,FICOMORGAN
715,FIEMIND
716,FILATEX
717,FILATFASH
718,FINCABLES
719,FINEORG
720,FINIETF
721,FINOPB
722,FINPIPE
723,FIRSTCRY
724,FISHFALCON
725,FIVESTAR
726,FLAIR
727,FLEXITUFF
728,FLFL
729,FLUOROCHEM
730,FMCGIETF
731,FMGOETZE
732,FMNL
733,FOCUS
734,FOODSIN
735,FORCEMOT
736,FORTIS
737,FOSECOIND
738,FRETAIL
739,FSC
740,FSL
741,FUSION
742,G5
743,GABRIEL
744,GAEL
745,GAIL
746,GAL
747,GALAPREC
748,GALAXYSURF
749,GALLANTT
750,GALLISPAT
751,GAMMNINFRA
752,GANDHAR
753,GANDHITUBE
754,GANECOS
755,GANESHBE
756,GANESHHOUC
757,GANGAFORGE
758,GANGESSECU
759,GARDENSILK
760,GARFIBRES
761,GARUDA
762,GATECH
763,GATECHDVR
764,GATEWAY
765,GATI
766,GAYAHWS
767,GAYAPROJ
768,GBGLOBAL
769,GDL
770,GEECEE
771,GEEKAYWIRE
772,GENCON
773,GENESYS
774,GENSOL
775,GENUSPAPER
776,GENUSPOWER
777,GEOJITFSL
778,GEPIL
779,GESHIP
780,GET&D
781,GFLLIMITED
782,GFSTEELS
783,GHCL
784,GHCLTEXTIL
785,GICHSGFIN
786,GICRE
787,GILLANDERS
788,GILLETTE
789,GILT5YBEES
790,GINNIFILA
791,GIPCL
792,GISOLUTION
793,GKWLIMITED
794,GLAND
795,GLAXO
796,GLENMARK
797,GLFL
798,GLOBAL
799,GLOBALE
800,GLOBALVECT
801,GLOBE
802,GLOBOFFS
803,GLOBUSSPR
804,GLOSTERLTD
805,GLS
806,GMBREW
807,GMDCLTD
808,GMMPFAUDLR
809,GMRAIRPORT
810,GMRINFRA
811,GMRP&UI
812,GNA
813,GNFC
814,GOACARBON
815,GOCLCORP
816,GOCOLORS
817,GODAVARIB
818,GODFRYPHLP
819,GODHA
820,GODIGIT
821,GODREJAGRO
822,GODREJCP
823,GODREJIND
824,GODREJPROP
825,GOKEX
826,GOKUL
827,GOKULAGRO
828,GOLD1
829,GOLDBEES
830,GOLDCASE
831,GOLDENTOBC
832,GOLDETF
833,GOLDETFADD
834,GOLDIAM
835,GOLDIETF
836,GOLDSHARE
837,GOLDTECH
838,GOODLUCK
839,GOODYEAR
840,GOPAL
841,GOYALALUM
842,GPIL
843,GPPL
844,GPTHEALTH
845,GPTINFRA
846,GRANULES
847,GRAPHITE
848,GRASIM
849,GRAUWEIL
850,GRAVITA
851,GREAVESCOT
852,GREENLAM
853,GREENPANEL
854,GREENPLY
855,GREENPOWER
856,GRINDWELL
857,GRINFRA
858,GRMOVER
859,GROBTEA
860,GROWEV
861,GROWWDEFNC
862,GROWWEV
863,GROWWGOLD
864,GROWWLIQID
865,GROWWN200
866,GROWWRAIL
867,GRPLTD
868,GRSE
869,GRWRHITECH
870,GSCLCEMENT
871,GSEC10ABSL
872,GSEC10IETF
873,GSEC10YEAR
874,GSEC5IETF
875,GSFC
876,GSKCONS
877,GSLSU
878,GSPL
879,GSS
880,GTECJAINX
881,GTL
882,GTLINFRA
883,GTNIND
884,GTNTEX
885,GTPL
886,GUFICBIO
887,GUJALKALI
888,GUJAPOLLO
889,GUJGASLTD
890,GUJRAFFIA
891,GUJTHEM
892,GULFOILLUB
893,GULFPETRO
894,GULPOLY
895,GVKPIL
896,GVPTECH
897,GVT&D
898,HAL
899,HAPPSTMNDS
900,HAPPYFORGE
901,HARDWYN
902,HARIOMPIPE
903,HARITASEAT
904,HARRMALAYA
905,HARSHA
906,HATHWAY
907,HATSUN
908,HAVELLS
909,HAVISHA
910,HBANKETF
911,HBLENGINE
912,HBLPOWER
913,HBSL
914,HCC
915,HCG
916,HCL-INSYS
917,HCLTECH
918,HDFC
919,HDFCAMC
920,HDFCBANK
921,HDFCBSE500
922,HDFCGOLD
923,HDFCGROWTH
924,HDFCLIFE
925,HDFCLIQUID
926,HDFCLOWVOL
927,HDFCMFGETF
928,HDFCMID150
929,HDFCMOMENT
930,HDFCNEXT50
931,HDFCNIF100
932,HDFCNIFBAN
933,HDFCNIFETF
934,HDFCNIFIT
935,HDFCNIFTY
936,HDFCPSUBK
937,HDFCPVTBAN
938,HDFCQUAL
939,HDFCSENETF
940,HDFCSENSEX
941,HDFCSILVER
942,HDFCSML250
943,HDFCVALUE
944,HEADSUP
945,HEALTHADD
946,HEALTHIETF
947,HEALTHY
948,HECPROJECT
949,HEG
950,HEIDELBERG
951,HEMIPROP
952,HERANBA
953,HERCULES
954,HERITGFOOD
955,HEROMOTOCO
956,HESTERBIO
957,HEUBACHIND
958,HEXATRADEX
959,HEXAWARE
960,HEXT
961,HFCL
962,HGINFRA
963,HGS
964,HIKAL
965,HIL
966,HILTON
967,HIMATSEIDE
968,HINDALCO
969,HINDCOMPOS
970,HINDCON
971,HINDCOPPER
972,HINDMOTORS
973,HINDNATGLS
974,HINDOILEXP
975,HINDPETRO
976,HINDUNILVR
977,HINDWAREAP
978,HINDZINC
979,HIRECT
980,HISARMETAL
981,HITECH
982,HITECHCORP
983,HITECHGEAR
984,HLEGLAS
985,HLVLTD
986,HMAAGRO
987,HMVL
988,HNDFDS
989,HNGSNGBEES
990,HOMEFIRST
991,HONASA
992,HONAUT
993,HONDAPOWER
994,HOTELEELA
995,HOTELRUGBY
996,HOVS
997,HPAL
998,HPIL
999,HPL
1000,HSCL
1001,HSIL
1002,HTMEDIA
1003,HUBTOWN
1004,HUDCO
1005,HUHTAMAKI
1006,HYBRIDFIN
1007,HYUNDAI
1008,IBMFNIFTY
1009,IBREALEST
1010,IBULHSGFIN
1011,IBULISL
1012,IBVENTURES
1013,ICDSLTD
1014,ICEMAKE
1015,ICICI10GS
1016,ICICI500
1017,ICICI5GSEC
1018,ICICIALPLV
1019,ICICIAUTO
1020,ICICIB22
1021,ICICIBANK
1022,ICICIBANKN
1023,ICICIBANKP
1024,ICICICOMMO
1025,ICICICONSU
1026,ICICIFIN
1027,ICICIFMCG
1028,ICICIGI
1029,ICICIGOLD
1030,ICICIINFRA
1031,ICICILIQ
1032,ICICILOVOL
1033,ICICIM150
1034,ICICIMCAP
1035,ICICIMOM30
1036,ICICINF100
1037,ICICINIFTY
1038,ICICINV20
1039,ICICINXT50
1040,ICICIPHARM
1041,ICICIPRULI
1042,ICICIQTY30
1043,ICICISENSX
1044,ICICISILVE
1045,ICICITECH
1046,ICIL
1047,ICRA
1048,IDBI
1049,IDBIGOLD
1050,IDEA
1051,IDEAFORGE
1052,IDFC
1053,IDFCFIRSTB
1054,IDFNIFTYET
1055,IEL
1056,IEX
1057,IFBAGRO
1058,IFBIND
1059,IFCI
1060,IFGLEXPOR
1061,IGARASHI
1062,IGIL
1063,IGL
1064,IGPL
1065,IIFL
1066,IIFLCAPS
1067,IIFLSEC
1068,IIFLWAM
1069,IITL
1070,IKIO
1071,IKS
1072,IMAGICAA
1073,IMFA
1074,IMPAL
1075,IMPEXFERRO
1076,INCREDIBLE
1077,INDBANK
1078,INDGN
1079,INDHOTEL
1080,INDIACEM
1081,INDIAGLYCO
1082,INDIAMART
1083,INDIANB
1084,INDIANCARD
1085,INDIANHUME
1086,INDIASHLTR
1087,INDIGO
1088,INDIGOPNTS
1089,INDLMETER
1090,INDNIPPON
1091,INDOAMIN
1092,INDOBORAX
1093,INDOCO
1094,INDOFARM
1095,INDORAMA
1096,INDOSTAR
1097,INDOTECH
1098,INDOTHAI
1099,INDOUS
1100,INDOWIND
1101,INDRAMEDCO
1102,INDSWFTLAB
1103,INDSWFTLTD
1104,INDTERRAIN
1105,INDUSINDBK
1106,INDUSTOWER
1107,INEOSSTYRO
1108,INFIBEAM
1109,INFOBEAN
1110,INFOMEDIA
1111,INFRABEES
1112,INFRAIETF
1113,INFRATEL
1114,INFY
1115,INGERRAND
1116,INNOVACAP
1117,INNOVANA
1118,INOXGREEN
1119,INOXINDIA
1120,INOXLEISUR
1121,INOXWIND
1122,INSECTICID
1123,INSPIRISYS
1124,INTEGRA
1125,INTELLECT
1126,INTENTECH
1127,INTERARCH
1128,INTLCONV
1129,INVENTURE
1130,IOB
1131,IOC
1132,IOLCP
1133,IONEXCHANG
1134,IPAPPM
1135,IPCALAB
1136,IPL
1137,IRB
1138,IRCON
1139,IRCTC
1140,IREDA
1141,IRFC
1142,IRIS
1143,IRISDOREME
1144,IRMENERGY
1145,ISEC
1146,ISFT
1147,ISGEC
1148,ISMTLTD
1149,IT
1150,ITBEES
1151,ITC
1152,ITCHOTELS
1153,ITDC
1154,ITDCEM
1155,ITETF
1156,ITETFADD
1157,ITI
1158,ITIETF
1159,IVC
1160,IVP
1161,IVZINGOLD
1162,IVZINNIFTY
1163,IWEL
1164,IXIGO
1165,IZMO
1166,J&KBANK
1167,JAGRAN
1168,JAGSNPHARM
1169,JAIBALAJI
1170,JAICORPLTD
1171,JAIPURKURT
1172,JAMNAAUTO
1173,JASH
1174,JAYAGROGN
1175,JAYBARMARU
1176,JAYNECOIND
1177,JAYSREETEA
1178,JBCHEPHARM
1179,JBFIND
1180,JBMA
1181,JCHAC
1182,JETFREIGHT
1183,JGCHEM
1184,JHS
1185,JINDALPHOT
1186,JINDALPOLY
1187,JINDALSAW
1188,JINDALSTEL
1189,JINDRILL
1190,JINDWORLD
1191,JIOFIN
1192,JISLDVREQS
1193,JISLJALEQS
1194,JITFINFRA
1195,JIYAECO
1196,JKCEMENT
1197,JKIL
1198,JKLAKSHMI
1199,JKPAPER
1200,JKTYRE
1201,JLHL
1202,JMA
1203,JMCPROJECT
1204,JMFINANCIL
1205,JMTAUTOLTD
1206,JNKINDIA
1207,JOCIL
1208,JPASSOCIAT
1209,JPINFRATEC
1210,JPOLYINVST
1211,JPPOWER
1212,JSFB
1213,JSL
1214,JSLHISAR
1215,JSWENERGY
1216,JSWHL
1217,JSWINFRA
1218,JSWISPL
1219,JSWSTEEL
1220,JTEKTINDIA
1221,JTLIND
1222,JTLINFRA
1223,JUBILANT
1224,JUBLCPL
1225,JUBLFOOD
1226,JUBLINDS
1227,JUBLINGREA
1228,JUBLPHARMA
1229,JUMPNET
1230,JUNIORBEES
1231,JUNIPER
1232,JUSTDIAL
1233,JWL
1234,JYOTHYLAB
1235,JYOTICNC
1236,JYOTISTRUC
1237,KABRAEXTRU
1238,KAJARIACER
1239,KAKATCEM
1240,KALAMANDIR
1241,KALPATPOWR
1242,KALYANIFRG
1243,KALYANKJIL
1244,KAMATHOTEL
1245,KAMDHENU
1246,KAMOPAINTS
1247,KANANIIND
1248,KANORICHEM
1249,KANPRPLA
1250,KANSAINER
1251,KAPSTON
1252,KARDA
1253,KARMAENG
1254,KARURVYSYA
1255,KAUSHALYA
1256,KAVVERITEL
1257,KAYA
1258,KAYNES
1259,KBCGLOBAL
1260,KCP
1261,KCPSUGIND
1262,KDDL
1263,KEC
1264,KECL
1265,KEEPLEARN
1266,KEERTI
1267,KEI
1268,KELLTONTEC
1269,KENNAMET
1270,KERNEX
1271,KESORAMIND
1272,KEYFINSERV
1273,KFINTECH
1274,KHADIM
1275,KHAICHEM
1276,KHAITANLTD
1277,KHANDSE
1278,KICL
1279,KILITCH
1280,KIMS
1281,KINGFA
1282,KIOCL
1283,KIRIINDUS
1284,KIRLFER
1285,KIRLOSBROS
1286,KIRLOSENG
1287,KIRLOSIND
1288,KIRLPNU
1289,KITEX
1290,KKCL
1291,KMEW
1292,KMSUGAR
1293,KNRCON
1294,KOHINOOR
1295,KOKUYOCMLN
1296,KOLTEPATIL
1297,KOPRAN
1298,KOTAKALPHA
1299,KOTAKBANK
1300,KOTAKBKETF
1301,KOTAKCONS
1302,KOTAKGOLD
1303,KOTAKIT
1304,KOTAKLIQ
1305,KOTAKLOVOL
1306,KOTAKMID50
1307,KOTAKMNC
1308,KOTAKNIFTY
1309,KOTAKNV20
1310,KOTAKPSUBK
1311,KOTAKSILVE
1312,KOTARISUG
1313,KOTHARIPET
1314,KOTHARIPRO
1315,KOVAI
1316,KPEL
1317,KPIGLOBAL
1318,KPIGREEN
1319,KPIL
1320,KPITTECH
1321,KPRMILL
1322,KRBL
1323,KREBSBIO
1324,KRIDHANINF
1325,KRISHANA
1326,KRITI
1327,KRITIKA
1328,KRITINUT
1329,KRN
1330,KRONOX
1331,KROSS
1332,KRSNAA
1333,KRYSTAL
1334,KSB
1335,KSCL
1336,KSERASERA
1337,KSHITIJPOL
1338,KSK
1339,KSL
1340,KSOLVES
1341,KTKBANK
1342,KUANTUM
1343,KWALITY
1344,L&TFH
1345,LAGNAM
1346,LAKSHVILAS
1347,LAL
1348,LALPATHLAB
1349,LAMBODHARA
1350,LANCER
1351,LANCORHOL
1352,LANDMARK
1353,LAOPALA
1354,LASA
1355,LATENTVIEW
1356,LATTEYS
1357,LAURUSLABS
1358,LAXMICOT
1359,LAXMIDENTL
1360,LAXMIMACH
1361,LCCINFOTEC
1362,LEMONTREE
1363,LEXUS
1364,LFIC
1365,LGBBROSLTD
1366,LGBFORGE
1367,LGHL
1368,LIBAS
1369,LIBERTSHOE
1370,LICHSGFIN
1371,LICI
1372,LICMFGOLD
1373,LICNETFGSC
1374,LICNETFN50
1375,LICNETFSEN
1376,LICNFNHGP
1377,LICNMID100
1378,LIKHITHA
1379,LINC
1380,LINCOLN
1381,LINCPEN
1382,LINDEINDIA
1383,LIQUID
1384,LIQUID1
1385,LIQUIDADD
1386,LIQUIDBEES
1387,LIQUIDBETF
1388,LIQUIDCASE
1389,LIQUIDETF
1390,LIQUIDIETF
1391,LIQUIDPLUS
1392,LIQUIDSBI
1393,LIQUIDSHRI
1394,LLOYDSENGG
1395,LLOYDSENT
1396,LLOYDSME
1397,LMW
1398,LODHA
1399,LOKESHMACH
1400,LORDSCHLO
1401,LOTUSEYE
1402,LOVABLE
1403,LOWVOL
1404,LOWVOL1
1405,LOWVOLIETF
1406,LOYALTEX
1407,LPDC
1408,LSIL
1409,LT
1410,LTF
1411,LTFOODS
1412,LTGILTBEES
1413,LTI
1414,LTIM
1415,LTTS
1416,LUMAXIND
1417,LUMAXTECH
1418,LUPIN
1419,LUXIND
1420,LXCHEM
1421,LYKALABS
1422,LYPSAGEMS
1423,M&M
1424,M&MFIN
1425,M100
1426,M50
1427,MAANALU
1428,MACPOWER
1429,MADHAV
1430,MADHUCON
1431,MADRASFERT
1432,MAESGETF
1433,MAFANG
1434,MAFSETF
1435,MAGADSUGAR
1436,MAGMA
1437,MAGNUM
1438,MAGOLDETF
1439,MAGS813ETF
1440,MAHABANK
1441,MAHAPEXLTD
1442,MAHASTEEL
1443,MAHEPC
1444,MAHESHWARI
1445,MAHINDCIE
1446,MAHKTECH
1447,MAHLIFE
1448,MAHLOG
1449,MAHSCOOTER
1450,MAHSEAMLES
1451,MAITHANALL
1452,MAJESCO
1453,MAKEINDIA
1454,MALLCOM
1455,MALUPAPER
1456,MAM150ETF
1457,MAMATA
1458,MAMFGETF
1459,MAN50ETF
1460,MANAKALUCO
1461,MANAKCOAT
1462,MANAKSIA
1463,MANAKSTEEL
1464,MANALIPETC
1465,MANAPPURAM
1466,MANBA
1467,MANCREDIT
1468,MANGALAM
1469,MANGCHEFER
1470,MANGLMCEM
1471,MANGTIMBER
1472,MANINDS
1473,MANINFRA
1474,MANKIND
1475,MANOMAY
1476,MANORAMA
1477,MANORG
1478,MANUGRAPH
1479,MANV30F
1480,MANXT50
1481,MANYAVAR
1482,MAPMYINDIA
1483,MARALOVER
1484,MARATHON
1485,MARICO
1486,MARINE
1487,MARKSANS
1488,MARSHALL
1489,MARUTI
1490,MASFIN
1491,MASILVER
1492,MASKINVEST
1493,MASPTOP50
1494,MASTEK
1495,MASTERTR
1496,MATRIMONY
1497,MAWANASUG
1498,MAXESTATES
1499,MAXHEALTH
1500,MAXIND
1501,MAXINDIA
1502,MAXVIL
1503,MAYURUNIQ
1504,MAZDA
1505,MAZDOCK
1506,MBAPL
1507,MBECL
1508,MBLINFRA
1509,MCDHOLDING
1510,MCDOWELL-N
1511,MCL
1512,MCLEODRUSS
1513,MCLOUD
1514,MCX
1515,MEDANTA
1516,MEDIASSIST
1517,MEDICAMEQ
1518,MEDICO
1519,MEDPLUS
1520,MEGASOFT
1521,MEGASTAR
1522,MEGH
1523,MENONBE
1524,MEP
1525,MERCATOR
1526,METAL
1527,METALFORGE
1528,METALIETF
1529,METROBRAND
1530,METROPOLIS
1531,MFL
1532,MFML
1533,MFSL
1534,MGEL
1535,MGL
1536,MHLXMIRU
1537,MHRIL
1538,MIC
1539,MICEL
1540,MID150BEES
1541,MID150CASE
1542,MIDCAP
1543,MIDCAPETF
1544,MIDCAPIETF
1545,MIDHANI
1546,MIDQ50ADD
1547,MIDSELIETF
1548,MIDSMALL
1549,MINDACORP
1550,MINDAIND
1551,MINDTECK
1552,MINDTREE
1553,MIRCELECTR
1554,MIRZAINT
1555,MITCON
1556,MITTAL
1557,MKPL
1558,MMFL
1559,MMP
1560,MMTC
1561,MNC
1562,MOBIKWIK
1563,MODEFENCE
1564,MODIRUBBER
1565,MODISNME
1566,MODISONLTD
1567,MODTHREAD
1568,MOGSEC
1569,MOHEALTH
1570,MOHITIND
1571,MOHOTAIND
1572,MOIL
1573,MOKSH
1574,MOL
1575,MOLDTECH
1576,MOLDTKPAC
1577,MOLOWVOL
1578,MOM100
1579,MOM30IETF
1580,MOM50
1581,MOMENTUM
1582,MOMENTUM50
1583,MOMOMENTUM
1584,MON100
1585,MONARCH
1586,MONIFTY500
1587,MONQ50
1588,MONTECARLO
1589,MOQUALITY
1590,MORARJEE
1591,MOREALTY
1592,MOREPENLAB
1593,MOSCHIP
1594,MOSMALL250
1595,MOTHERSON
1596,MOTHERSUMI
1597,MOTILALOFS
1598,MOTISONS
1599,MOTOGENFIN
1600,MOVALUE
1601,MPHASIS
1602,MPSLTD
1603,MRF
1604,MRO-TEK
1605,MRPL
1606,MSCIINDIA
1607,MSPL
1608,MSTCLTD
1609,MSUMI
1610,MTARTECH
1611,MTEDUCARE
1612,MTNL
1613,MUFIN
1614,MUFTI
1615,MUKANDENGG
1616,MUKANDLTD
1617,MUKKA
1618,MUKTAARTS
1619,MULTICAP
1620,MUNJALAU
1621,MUNJALSHOW
1622,MURUDCERA
1623,MUTHOOTCAP
1624,MUTHOOTFIN
1625,MUTHOOTMF
1626,MVGJL
1627,N100
1628,NACLIND
1629,NAGAFERT
1630,NAGREEKCAP
1631,NAGREEKEXP
1632,NAHARCAP
1633,NAHARINDUS
1634,NAHARPOLY
1635,NAHARSPING
1636,NAM-INDIA
1637,NARMADA
1638,NATCAPSUQ
1639,NATCOPHARM
1640,NATHBIOGEN
1641,NATIONALUM
1642,NATNLSTEEL
1643,NAUKRI
1644,NAVA
1645,NAVINFLUOR
1646,NAVINIFTY
1647,NAVKARCORP
1648,NAVKARURB
1649,NAVNETEDUL
1650,NAZARA
1651,NBCC
1652,NBIFIN
1653,NBVENTURES
1654,NCC
1655,NCLIND
1656,NCPSESDL24
1657,NDGL
1658,NDL
1659,NDLVENTURE
1660,NDRAUTO
1661,NDTV
1662,NECCLTD
1663,NECLIFE
1664,NELCAST
1665,NELCO
1666,NEOGEN
1667,NESCO
1668,NESTLEIND
1669,NETF
1670,NETFAUTO
1671,NETFCONSUM
1672,NETFDIVOPP
1673,NETFGILT5Y
1674,NETFIT
1675,NETFLTGILT
1676,NETFMID150
1677,NETFNIF100
1678,NETFNV20
1679,NETFPHARMA
1680,NETFSDL26
1681,NETFSILVER
1682,NETWEB
1683,NETWORK18
1684,NEULANDLAB
1685,NEWGEN
1686,NEXT30ADD
1687,NEXT50
1688,NEXT50IETF
1689,NEXTMEDIA
1690,NFL
1691,NGIL
1692,NGLFINE
1693,NH
1694,NHPC
1695,NIACL
1696,NIBE
1697,NIBL
1698,NIF100BEES
1699,NIF100IETF
1700,NIF10GETF
1701,NIF5GETF
1702,NIFITETF
1703,NIFMID150
1704,NIFTY1
1705,NIFTY50ADD
1706,NIFTYBEES
1707,NIFTYBETF
1708,NIFTYEES
1709,NIFTYETF
1710,NIFTYIETF
1711,NIFTYQLITY
1712,NIITLTD
1713,NIITMTS
1714,NIITTECH
1715,NILAINFRA
1716,NILASPACES
1717,NILKAMAL
1718,NINSYS
1719,NIPPOBATRY
1720,NIRAJ
1721,NIRAJISPAT
1722,NITCO
1723,NITINSPIN
1724,NITIRAJ
1725,NIVABUPA
1726,NKIND
1727,NLCINDIA
1728,NMDC
1729,NOCIL
1730,NOIDATOLL
1731,NORBTEAEXP
1732,NORTHARC
1733,NOVAAGRI
1734,NOVARTIND
1735,NPBET
1736,NRAIL
1737,NRBBEARING
1738,NRL
1739,NSIL
1740,NSLNISP
1741,NTL
1742,NTPC
1743,NTPCGREEN
1744,NUCLEUS
1745,NURECA
1746,NUVAMA
1747,NUVOCO
1748,NV20
1749,NV20BEES
1750,NV20IETF
1751,NXTDIGITAL
1752,NYKAA
1753,OAL
1754,OBCL
1755,OBEROIRLTY
1756,OCCL
1757,OCCLLTD
1758,ODIGMA
1759,OFSS
1760,OIL
1761,OILCOUNTUB
1762,OILIETF
1763,OISL
1764,OLAELEC
1765,OLECTRA
1766,OMAXAUTO
1767,OMAXE
1768,OMINFRAL
1769,OMKARCHEM
1770,OMMETALS
1771,ONELIFECAP
1772,ONEPOINT
1773,ONESOURCE
1774,ONGC
1775,ONMOBILE
1776,ONWARDTEC
1777,OPTIEMUS
1778,OPTOCIRCUI
1779,ORBTEXP
1780,ORCHASP
1781,ORCHPHARMA
1782,ORICONENT
1783,ORIENTABRA
1784,ORIENTALTL
1785,ORIENTBANK
1786,ORIENTBELL
1787,ORIENTCEM
1788,ORIENTCER
1789,ORIENTELEC
1790,ORIENTHOT
1791,ORIENTLTD
1792,ORIENTPPR
1793,ORIENTREF
1794,ORIENTTECH
1795,ORISSAMINE
1796,ORTINGLOBE
1797,ORTINLAB
1798,ORTINLABSS
1799,OSIAHYPER
1800,OSWALAGRO
1801,OSWALGREEN
1802,OSWALSEEDS
1803,PAEL
1804,PAGEIND
1805,PAISALO
1806,PAKKA
1807,PALASHSECU
1808,PALREDTEC
1809,PANACEABIO
1810,PANACHE
1811,PANAMAPET
1812,PANSARI
1813,PAPERPROD
1814,PAR
1815,PARACABLES
1816,PARADEEP
1817,PARAGMILK
1818,PARAS
1819,PARASPETRO
1820,PARKHOTELS
1821,PARSVNATH
1822,PASUPTAC
1823,PATANJALI
1824,PATELENG
1825,PATINTLOG
1826,PATSPINLTD
1827,PAVNAIND
1828,PAYTM
1829,PBAINFRA
1830,PCBL
1831,PCJEWELLER
1832,PDMJEPAPER
1833,PDPL
1834,PDSL
1835,PDSMFL
1836,PEARLPOLY
1837,PEL
1838,PENIND
1839,PENINLAND
1840,PERSISTENT
1841,PETRONET
1842,PFC
1843,PFIZER
1844,PFOCUS
1845,PFS
1846,PGEL
1847,PGHH
1848,PGHL
1849,PGIL
1850,PHARMABEES
1851,PHILIPCARB
1852,PHOENIXLTD
1853,PIDILITIND
1854,PIGL
1855,PIIND
1856,PILANIINVS
1857,PILITA
1858,PIONDIST
1859,PIONEEREMB
1860,PITTIENG
1861,PIXTRANS
1862,PKTEA
1863,PLASTIBLEN
1864,PLATIND
1865,PLAZACABLE
1866,PNB
1867,PNBGILTS
1868,PNBHOUSING
1869,PNC
1870,PNCINFRA
1871,PNGJL
1872,POCL
1873,PODDARHOUS
1874,PODDARMENT
1875,POKARNA
1876,POLICYBZR
1877,POLYCAB
1878,POLYMED
1879,POLYPLEX
1880,PONNIERODE
1881,POONAWALLA
1882,POWERGRID
1883,POWERINDIA
1884,POWERMECH
1885,PPAP
1886,PPL
1887,PPLPHARMA
1888,PRABHAT
1889,PRADIP
1890,PRAENG
1891,PRAJIND
1892,PRAKASH
1893,PRAKASHSTL
1894,PRAXIS
1895,PRECAM
1896,PRECOT
1897,PRECWIRE
1898,PREMEXPLN
1899,PREMIER
1900,PREMIERENE
1901,PREMIERPOL
1902,PRESSMN
1903,PRESTIGE
1904,PRICOLLTD
1905,PRIMESECU
1906,PRINCEPIPE
1907,PRITI
1908,PRITIKAUTO
1909,PRIVISCL
1910,PROINDIA
1911,PROSEED
1912,PROTEAN
1913,PROZONER
1914,PROZONINTU
1915,PRSMJOHNSN
1916,PRUDENT
1917,PRUDMOULI
1918,PSB
1919,PSL
1920,PSPPROJECT
1921,PSUBANK
1922,PSUBANKADD
1923,PSUBANKICI
1924,PSUBNKBEES
1925,PSUBNKIETF
1926,PTC
1927,PTCIL
1928,PTL
1929,PUNJABCHEM
1930,PURVA
1931,PVP
1932,PVR
1933,PVRINOX
1934,PVSL
1935,PVTBANIETF
1936,PVTBANKADD
1937,PYRAMID
1938,QGOLDHALF
1939,QNIFTY
1940,QPOWER
1941,QUADFUTURE
1942,QUAL30IETF
1943,QUESS
1944,QUICKHEAL
1945,RACE
1946,RACLGEAR
1947,RADAAN
1948,RADHIKAJWE
1949,RADIANTCMS
1950,RADICO
1951,RADIOCITY
1952,RAILTEL
1953,RAIN
1954,RAINBOW
1955,RAJESHEXPO
1956,RAJMET
1957,RAJRATAN
1958,RAJRILTD
1959,RAJSREESUG
1960,RAJTV
1961,RALLIS
1962,RAMANEWS
1963,RAMAPHO
1964,RAMASTEEL
1965,RAMCOCEM
1966,RAMCOIND
1967,RAMCOSYS
1968,RAMKY
1969,RAMRAT
1970,RANASUG
1971,RANEENGINE
1972,RANEHOLDIN
1973,RATEGAIN
1974,RATNAMANI
1975,RATNAVEER
1976,RAYMOND
1977,RAYMONDLSL
1978,RBA
1979,RBL
1980,RBLBANK
1981,RBZJEWEL
1982,RCF
1983,RCOM
1984,RECLTD
1985,REDINGTON
1986,REDTAPE
1987,REFEX
1988,REGENCERAM
1989,RELAXO
1990,RELCAPITAL
1991,RELCHEMQ
1992,RELIABLE
1993,RELIANCE
1994,RELIGARE
1995,RELINFRA
1996,RELTD
1997,REMSONSIND
1998,RENUKA
1999,REPCOHOME
2000,REPL
2001,REPRO
2002,RESPONIND
2003,RETAIL
2004,REVATHI
2005,REVATHIEQU
2006,RGL
2007,RHFL
2008,RHIM
2009,RHL
2010,RICOAUTO
2011,RIIL
2012,RISHABH
2013,RITCO
2014,RITES
2015,RKDL
2016,RKEC
2017,RKFORGE
2018,RKSWAMY
2019,RMCL
2020,RML
2021,RNAM
2022,RNAVAL
2023,ROHITFERRO
2024,ROHLTD
2025,ROLEXRINGS
2026,ROLLT
2027,ROLTA
2028,ROML
2029,ROSSARI
2030,ROSSELLIND
2031,ROSSTECH
2032,ROTO
2033,ROUTE
2034,RPEL
2035,RPGLIFE
2036,RPOWER
2037,RPPINFRA
2038,RPPL
2039,RPSGVENT
2040,RPTECH
2041,RRKABEL
2042,RSSOFTWARE
2043,RSWM
2044,RSYSTEMS
2045,RTNINDIA
2046,RTNINFRA
2047,RTNPOWER
2048,RUBFILA
2049,RUBYMILLS
2050,RUCHI
2051,RUCHINFRA
2052,RUCHIRA
2053,RUPA
2054,RUSHIL
2055,RUSTOMJEE
2056,RVHL
2057,RVNL
2058,RVTH
2059,S&SPOWER
2060,SABEVENTS
2061,SABTN
2062,SABTNL
2063,SADBHAV
2064,SADBHIN
2065,SADHNANIQ
2066,SAFARI
2067,SAGARDEEP
2068,SAGCEM
2069,SAGILITY
2070,SAH
2071,SAHYADRI
2072,SAIL
2073,SAILIFE
2074,SAKAR
2075,SAKHTISUG
2076,SAKSOFT
2077,SAKUMA
2078,SALASAR
2079,SALONA
2080,SALSTEEL
2081,SALZERELEC
2082,SAMBHAAV
2083,SAMHI
2084,SAMMAANCAP
2085,SAMPANN
2086,SANATHAN
2087,SANCO
2088,SANDESH
2089,SANDHAR
2090,SANDUMA
2091,SANGAMIND
2092,SANGHIIND
2093,SANGHVIFOR
2094,SANGHVIMOV
2095,SANGINITA
2096,SANOFI
2097,SANOFICONR
2098,SANSERA
2099,SANSTAR
2100,SANWARIA
2101,SAPPHIRE
2102,SARDAEN
2103,SAREGAMA
2104,SARLAPOLY
2105,SARVESHWAR
2106,SASKEN
2107,SASTASUNDR
2108,SATHAISPAT
2109,SATIA
2110,SATIN
2111,SATINDLTD
2112,SAURASHCEM
2113,SBC
2114,SBCL
2115,SBFC
2116,SBGLP
2117,SBICARD
2118,SBIETFCON
2119,SBIETFIT
2120,SBIETFPB
2121,SBIETFQLTY
2122,SBILIFE
2123,SBIN
2124,SBINEQWETF
2125,SBISILVER
2126,SCAPDVR
2127,SCHAEFFLER
2128,SCHAND
2129,SCHNEIDER
2130,SCI
2131,SCILAL
2132,SCPL
2133,SDBL
2134,SDL24BEES
2135,SDL26BEES
2136,SEAMECLTD
2137,SECMARK
2138,SECURCRED
2139,SECURKLOUD
2140,SEJALLTD
2141,SELAN
2142,SELMC
2143,SELMCL
2144,SEMAC
2145,SENCO
2146,SENORES
2147,SENSEXADD
2148,SENSEXETF
2149,SENSEXIETF
2150,SEPC
2151,SEPOWER
2152,SEQUENT
2153,SERVOTECH
2154,SESHAPAPER
2155,SETCO
2156,SETF10GILT
2157,SETFGOLD
2158,SETFNIF50
2159,SETFNIFBK
2160,SETFNN50
2161,SETUINFRA
2162,SEYAIND
2163,SFL
2164,SGIL
2165,SGL
2166,SGLTL
2167,SHAH
2168,SHAHALLOYS
2169,SHAILY
2170,SHAKTIPUMP
2171,SHALBY
2172,SHALPAINTS
2173,SHANKARA
2174,SHANTI
2175,SHANTIGEAR
2176,SHARDACROP
2177,SHARDAMOTR
2178,SHAREINDIA
2179,SHARIABEES
2180,SHEMAROO
2181,SHIL
2182,SHILPAMED
2183,SHIRPUR-G
2184,SHIVALIK
2185,SHIVAMAUTO
2186,SHIVAMILLS
2187,SHIVATEX
2188,SHK
2189,SHOPERSTOP
2190,SHRADHA
2191,SHREDIGCEM
2192,SHREECEM
2193,SHREEPUSHK
2194,SHREERAMA
2195,SHRENIK
2196,SHREYANIND
2197,SHREYAS
2198,SHRIPISTON
2199,SHRIRAMCIT
2200,SHRIRAMEPC
2201,SHRIRAMFIN
2202,SHRIRAMPPS
2203,SHYAMCENT
2204,SHYAMMETL
2205,SHYAMTEL
2206,SICAGEN
2207,SICAL
2208,SICALLOG
2209,SIEMENS
2210,SIGACHI
2211,SIGIND
2212,SIGMA
2213,SIGNATURE
2214,SIGNPOST
2215,SIKKO
2216,SIL
2217,SILGO
2218,SILINV
2219,SILLYMONKS
2220,SILVER
2221,SILVER1
2222,SILVERADD
2223,SILVERBEES
2224,SILVERETF
2225,SILVERIETF
2226,SILVERTUC
2227,SILVRETF
2228,SIMBHALS
2229,SIMPLEXINF
2230,SINCLAIR
2231,SINDHUTRAD
2232,SINTERCOM
2233,SINTEX
2234,SIRCA
2235,SIS
2236,SITINET
2237,SIYSIL
2238,SJS
2239,SJVN
2240,SKFINDIA
2241,SKIL
2242,SKIPPER
2243,SKMEGGPROD
2244,SKYGOLD
2245,SMALLCAP
2246,SMARTLINK
2247,SMCGLOBAL
2248,SMLISUZU
2249,SMLT
2250,SMSLIFE
2251,SMSPHARMA
2252,SNOWMAN
2253,SOBHA
2254,SOFTTECH
2255,SOLARA
2256,SOLARINDS
2257,SOMANYCERA
2258,SOMATEX
2259,SOMICONVEY
2260,SONACOMS
2261,SONAMCLOCK
2262,SONAMLTD
2263,SONATSOFTW
2264,SORILINFRA
2265,SOTL
2266,SOUTHBANK
2267,SOUTHWEST
2268,SPAL
2269,SPANDANA
2270,SPARC
2271,SPCENET
2272,SPECIALITY
2273,SPENCERS
2274,SPIC
2275,SPICEJET
2276,SPLIL
2277,SPLPETRO
2278,SPMLINFRA
2279,SPORTKING
2280,SPTL
2281,SPYL
2282,SRD
2283,SREEL
2284,SREINFRA
2285,SRF
2286,SRGHFL
2287,SRHHYPOLTD
2288,SRIPIPES
2289,SRM
2290,SRPL
2291,SRTRANSFIN
2292,SSDL
2293,SSWL
2294,STALLION
2295,STAMPEDE
2296,STANLEY
2297,STAR
2298,STARCEMENT
2299,STARHEALTH
2300,STARPAPER
2301,STARTECK
2302,STCINDIA
2303,STEELCAS
2304,STEELCITY
2305,STEELXIND
2306,STEL
2307,STERTOOLS
2308,STINDIA
2309,STLTECH
2310,STOVEKRAFT
2311,STRTECH
2312,STYLAMIND
2313,STYLEBAAZA
2314,STYRENIX
2315,SUBCAPCITY
2316,SUBEX
2317,SUBEXLTD
2318,SUBROS
2319,SUDARSCHEM
2320,SUJANAUNI
2321,SUKHJITS
2322,SULA
2323,SUMEETINDS
2324,SUMICHEM
2325,SUMIT
2326,SUMMITSEC
2327,SUNCLAY
2328,SUNCLAYLTD
2329,SUNDARAM
2330,SUNDARMFIN
2331,SUNDARMHLD
2332,SUNDRMBRAK
2333,SUNDRMFAST
2334,SUNFLAG
2335,SUNPHARMA
2336,SUNTECK
2337,SUNTV
2338,SUPERHOUSE
2339,SUPERSPIN
2340,SUPPETRO
2341,SUPRAJIT
2342,SUPREME
2343,SUPREMEENG
2344,SUPREMEIND
2345,SUPREMEINF
2346,SUPRIYA
2347,SURAJEST
2348,SURAJLTD
2349,SURAKSHA
2350,SURANASOL
2351,SURANAT&P
2352,SURYALAXMI
2353,SURYAROSNI
2354,SURYODAY
2355,SUTLEJTEX
2356,SUULD
2357,SUVEN
2358,SUVENPHAR
2359,SUVIDHAA
2360,SUYOG
2361,SUZLON
2362,SVLL
2363,SVPGLOB
2364,SWANENERGY
2365,SWARAJENG
2366,SWELECTES
2367,SWIGGY
2368,SWSOLAR
2369,SYMPHONY
2370,SYNCOM
2371,SYNCOMF
2372,SYNDIBANK
2373,SYNGENE
2374,SYRMA
2375,TAINWALCHM
2376,TAJGVK
2377,TAKE
2378,TALBROAUTO
2379,TALWALKARS
2380,TALWGYM
2381,TANLA
2382,TARACHAND
2383,TARAPUR
2384,TARC
2385,TARIL
2386,TARMAT
2387,TARSONS
2388,TASTYBITE
2389,TATACHEM
2390,TATACOFFEE
2391,TATACOMM
2392,TATACONSUM
2393,TATAELXSI
2394,TATAGLOBAL
2395,TATAGOLD
2396,TATAINVEST
2397,TATAMETALI
2398,TATAMOTORS
2399,TATAMTRDVR
2400,TATAPOWER
2401,TATASTEEL
2402,TATASTLBSL
2403,TATASTLLP
2404,TATATECH
2405,TATSILV
2406,TATVA
2407,TBOTEK
2408,TBZ
2409,TCI
2410,TCIDEVELOP
2411,TCIEXP
2412,TCIFINANCE
2413,TCLCONS
2414,TCNSBRANDS
2415,TCPLPACK
2416,TCS
2417,TDPOWERSYS
2418,TEAMLEASE
2419,TECH
2420,TECHIN
2421,TECHM
2422,TECHNOE
2423,TECHNOFAB
2424,TECILCHEM
2425,TEGA
2426,TEJASNET
2427,TEMBO
2428,TERASOFT
2429,TEXINFRA
2430,TEXMOPIPES
2431,TEXRAIL
2432,TFCILTD
2433,TFL
2434,TGBHOTELS
2435,THANGAMAYL
2436,THEINVEST
2437,THEJO
2438,THEMISMED
2439,THERMAX
2440,THOMASCOOK
2441,THOMASCOTT
2442,THYROCARE
2443,TI
2444,TICL
2445,TIDEWATER
2446,TIIL
2447,TIINDIA
2448,TIJARIA
2449,TIL
2450,TIMESGTY
2451,TIMETECHNO
2452,TIMKEN
2453,TINPLATE
2454,TIPSFILMS
2455,TIPSINDLTD
2456,TIPSMUSIC
2457,TIRUMALCHM
2458,TIRUPATIFL
2459,TITAGARH
2460,TITAN
2461,TMB
2462,TMRVL
2463,TNIDETF
2464,TNPETRO
2465,TNPL
2466,TNTELE
2467,TOKYOPLAST
2468,TOLINS
2469,TOP100CASE
2470,TOP10ADD
2471,TORNTPHARM
2472,TORNTPOWER
2473,TOTAL
2474,TOUCHWOOD
2475,TPHQ
2476,TPLPLASTEH
2477,TRACXN
2478,TRANSRAILL
2479,TRANSWORLD
2480,TREEHOUSE
2481,TREJHARA
2482,TREL
2483,TRENT
2484,TRF
2485,TRIDENT
2486,TRIGYN
2487,TRIL
2488,TRITURBINE
2489,TRIVENI
2490,TRU
2491,TTKHLTCARE
2492,TTKPRESTIG
2493,TTL
2494,TTML
2495,TV18BRDCST
2496,TVSELECT
2497,TVSHLTD
2498,TVSMOTOR
2499,TVSSCS
2500,TVSSRICHAK
2501,TVTODAY
2502,TVVISION
2503,TWL
2504,UBL
2505,UCAL
2506,UCALFUEL
2507,UCOBANK
2508,UDAICEMENT
2509,UDS
2510,UFLEX
2511,UFO
2512,UGARSUGAR
2513,UGROCAP
2514,UJAAS
2515,UJJIVAN
2516,UJJIVANSFB
2517,ULTRACEMCO
2518,UMAEXPORTS
2519,UMANGDAIRY
2520,UMESLTD
2521,UNICHEMLAB
2522,UNIDT
2523,UNIECOM
2524,UNIENTER
2525,UNIINFO
2526,UNIMECH
2527,UNIONBANK
2528,UNIONGOLD
2529,UNIPARTS
2530,UNIPLY
2531,UNITDSPR
2532,UNITEDBNK
2533,UNITEDPOLY
2534,UNITEDTEA
2535,UNIVAFOODS
2536,UNIVASTU
2537,UNIVCABLES
2538,UNIVPHOTO
2539,UNOMINDA
2540,UPL
2541,URAVI
2542,URAVIDEF
2543,URJA
2544,USHAMART
2545,USK
2546,UTIAMC
2547,UTIBANKETF
2548,UTINEXT50
2549,UTINIFTETF
2550,UTISENSETF
2551,UTISXN50
2552,UTKARSHBNK
2553,UTTAMSTL
2554,UTTAMSUGAR
2555,UVSL
2556,UYFINCORP
2557,V2RETAIL
2558,VADILALIND
2559,VAIBHAVGBL
2560,VAISHALI
2561,VAKRANGEE
2562,VAL30IETF
2563,VALIANTLAB
2564,VALIANTORG
2565,VARDHACRLC
2566,VARDMNPOLY
2567,VARROC
2568,VASCONEQ
2569,VASWANI
2570,VBL
2571,VCL
2572,VEDL
2573,VEEDOL
2574,VENKEYS
2575,VENTIVE
2576,VENUSPIPES
2577,VENUSREM
2578,VERANDA
2579,VERTOZ
2580,VESUVIUS
2581,VETO
2582,VGUARD
2583,VHL
2584,VIDHIING
2585,VIJAYA
2586,VIJIFIN
2587,VIKASECO
2588,VIKASLIFE
2589,VIKASMCORP
2590,VIKASPROP
2591,VIKASWSP
2592,VIMTALABS
2593,VINATIORGA
2594,VINCOFE
2595,VINDHYATEL
2596,VINEETLAB
2597,VINNY
2598,VINYLINDIA
2599,VIPCLOTHNG
2600,VIPIND
2601,VIPULLTD
2602,VIRINCHI
2603,VISAKAIND
2604,VISASTEEL
2605,VISESHINFO
2606,VISHAL
2607,VISHNU
2608,VISHWARAJ
2609,VIVIDHA
2610,VIVIMEDLAB
2611,VLEGOV
2612,VLSFINANCE
2613,VMART
2614,VMM
2615,VOLTAMP
2616,VOLTAS
2617,VPRPL
2618,VRAJ
2619,VRLLOG
2620,VSSL
2621,VSTIND
2622,VSTL
2623,VSTTILLERS
2624,VTL
2625,WAAREEENER
2626,WABAG
2627,WABCOINDIA
2628,WALCHANNAG
2629,WANBURY
2630,WATERBASE
2631,WCIL
2632,WEALTH
2633,WEBELSOLAR
2634,WEIZFOREX
2635,WEIZMANIND
2636,WEL
2637,WELCORP
2638,WELENT
2639,WELINV
2640,WELSPUNIND
2641,WELSPUNLIV
2642,WENDT
2643,WESTLIFE
2644,WEWIN
2645,WFL
2646,WHEELS
2647,WHIRLPOOL
2648,WILLAMAGOR
2649,WINDLAS
2650,WINDMACHIN
2651,WINPRO
2652,WINSOME
2653,WIPL
2654,WIPRO
2655,WOCKPHARMA
2656,WONDERLA
2657,WORTH
2658,WSI
2659,WSTCSTPAPR
2660,XCHANGING
2661,XELPMOC
2662,XPROINDIA
2663,XTGLOBAL
2664,YAARI
2665,YAARII
2666,YASHO
2667,YATHARTH
2668,YATRA
2669,YESBANK
2670,YUKEN
2671,ZAGGLE
2672,ZEEL
2673,ZEELEARN
2674,ZEEMEDIA
2675,ZENITHBIR
2676,ZENITHEXPO
2677,ZENITHSTL
2678,ZENSARTECH
2679,ZENTEC
2680,ZFCVINDIA
2681,ZICOM
2682,ZIMLAB
2683,ZODIAC
2684,ZODIACLOTH
2685,ZODJRDMKJ
2686,ZOMATO
2687,ZOTA
2688,ZUARI
2689,ZUARIGLOB
2690,ZUARIIND
2691,ZYDUSLIFE
2692,ZYDUSWELL
